发博时间,新闻id,微博内容,博客点赞数,博客评论数,博客转发数
Tue Feb 01 00:04:09 +0800 2022,4731852654910350,【#太空出差三人组虎年第一条问候#】祝全国人民虎年新春快乐，祝福我们伟大的祖国国泰民安，预祝北京冬奥会圆满成功！给大家拜年啦！#虎年第一条微博# http://t.cn/A6ia28ZO ​​​ http://mapi/0033ImPzly1gyxav66p0fj61bo0n0tgb02,7905,617,548
Tue Feb 01 00:00:02 +0800 2022,4731851623370927,【此刻，发条微博，一起迎接虎年！[许愿虎]】虎年的钟声已经敲响，让我们一起迎接又一个春天的到来。虎年第一天，无论你在哪里，请收下这份祝福：愿你健康平安，虎年大吉！#虎年第一条微博##新年快乐# ​​​,4443,918,4099
Mon Jan 31 23:37:30 +0800 2022,4731845948743457,【#刘欢帽子上的奥运彩蛋#】你发现了吗？#刘欢帽子上有2008奥运吉祥物福娃#欢欢。网友：时隔14年的满分细节！ ​​​,32436,1271,1599
Mon Jan 31 23:30:00 +0800 2022,4731844060780806,【#任嘉伦王源宋茜吉克隽逸真爱起舞#】新的一年即将到来，在活泼欢快的节奏中，一起舞蹈吧！  http://t.cn/A6ia73lc ​​​,36078,1804,18682
Mon Jan 31 23:15:35 +0800 2022,4731840432968735,【#你好，明天#】今夕何夕，守望除夕。此时此刻，无论面对面还是屏对屏，不变的是心贴心；此情此景，无论品尝亲情还是友情、爱情，心中都有柔情万种。在辛丑牛年，我们发扬孺子牛、拓荒牛、老黄牛精神，奋力耕耘，收获满满；走进壬寅虎年，我们生龙活虎，期待遇见更好的自己，加油！#虎年文案# ​​​,5146,504,1545
Mon Jan 31 22:49:08 +0800 2022,4731833776608148,【夜读：新年三愿[心]】家人安康，山河无恙，心中有光。一起许下#虎年心愿#。#虎年第一条微博##除夕快乐# http://t.cn/A6iXs0rR ​​​,3928,752,1338
Mon Jan 31 22:02:46 +0800 2022,4731822107271130,【#只此青绿每一帧都是水墨画#】以北宋名画《千里江山图》为灵感创作的舞蹈诗剧，#只此青绿壁纸#来了。收藏！ ​​​,14186,895,1405
Mon Jan 31 21:32:01 +0800 2022,4731814369308914,【#贾玲已经连续3年演妈妈了#[哈哈]】鼠年春晚、牛年春晚、虎年春晚，贾玲和张小斐三次搭档，贾玲出演了三次不同角色的“妈妈”。网友：#贾玲三年春晚穿了同样颜色衣服#[哈哈] ​​​,11295,654,212
Mon Jan 31 21:27:09 +0800 2022,4731813145350011,【转发收藏 #只此青绿完整版#】舞蹈诗剧#只此青绿#，以北宋名画《千里江山图》为灵感创作，登上虎年#春晚# 将中国古典式传奇娓娓道来。  http://t.cn/A6iXEXAU ​​​,12406,932,3506
Mon Jan 31 21:11:01 +0800 2022,4731809085000167,#春晚#舞蹈作品#只此青绿的创作灵感#是什么？“青绿腰”是如何练成的？戳视频↓↓ http://t.cn/A6iXHfg5 ​​​,45427,1924,3715
Mon Jan 31 20:45:12 +0800 2022,4731802587504098,【万象回春，万象更新！#云南野生象故事登上春晚#】还记得云南野生象迁徙的故事吗？大千世界生生不息，每个生命都充满奇迹。#云南野生象一路向北登上了春晚#！跟随#春晚#一段创意表演，重温这段人与自然和谐相处的故事。  http://t.cn/A6iXlcnk ​​​,13015,619,593
Mon Jan 31 20:15:47 +0800 2022,4731795185077363,【好听！#邓超李宇春易烊千玺时代感满满#】这就是我们的时代感，奋斗也是一种酷炫！新时代就该有新的风范。网友：#时代感旋律脑内循环#[鼓掌]  http://t.cn/A6iXCgCp ​​​,22147,2031,6705
Mon Jan 31 19:54:24 +0800 2022,4731789803527497,【#当冬奥遇到除夕#，除了美，还是美】#这是除夕夜的冬奥地标#↓↓一波高清大图，带你领略有着浓浓“中国风”的冬奥风景。转发，传递，#除夕快乐#！（图/新华社） ​​​,2861,304,679
Mon Jan 31 18:56:19 +0800 2022,4731775186635803,【虎年大吉！#萧敬腾张韶涵等台湾艺人送虎年祝福#】虎年春晚倒计时，萧敬腾、张韶涵送出他们的新春祝福，期待两岸演艺人员的精彩表现。两岸中华儿女共庆新春佳节↓↓一起传递#虎年祝福#！  http://t.cn/A6iXXlWR ​​​,5656,504,386
Mon Jan 31 18:31:45 +0800 2022,4731769003705292,【“云”上相约 “艺”起过年 | 过年】除夕之夜，中央芭蕾舞团邀请观众在二幕贺岁芭蕾舞剧《过年》的梦幻世界中，游历瑰丽多姿的中国传统文化艺术长廊，在欢乐、祥和的气氛中共同迎接新春的到来。#虎气来了##除夕快乐# http://t.cn/A6iX6zwN ​​​,1362,121,129
Mon Jan 31 17:23:49 +0800 2022,4731751907988528,【#吃年夜饭前拍照了吗#[虎爪比心]年夜饭#美食宝宝贺新春#啦】今天就是除夕了，此刻，你开始吃#年夜饭#了吗？蒸蒸日上、红红火火、一飞冲天、年年有余……一组来自年夜饭美食的祝福↓ ↓ 祝你除夕快乐，虎年更上一层楼！ ​​​,4141,545,1345
Mon Jan 31 17:04:29 +0800 2022,4731747042072024,【这首歌少年感满满！#MV我就是中国#】还记得那些感动人心的留言吗？“我是什么样子，中国就是什么样子！我，就是中国！”一代又一代人的相信，才有今天的自信。一起传递，祝福伟大的祖国繁荣昌盛！#除夕快乐#  http://t.cn/A6iXUF6H ​​​,1677,147,224
Mon Jan 31 16:44:41 +0800 2022,4731742058977275,【#北京冬奥会除夕宣传片#来了！收藏迎新年】从2008到2022，奥林匹克历史上首座“双奥之城”即将诞生，世界各地冰雪运动健儿陆续抵达北京，再创佳绩。除夕之际，北京#冬奥会最新宣传片北京再相会#发布↓↓重温那个夏天的经典，期待一场冰雪盛典！转存，期待！http://t.cn/A6iipGly ​​​,3769,283,834
Mon Jan 31 16:20:05 +0800 2022,4731735868443128,【慢直播！守候#牛年的最后一次日落#】即将过去的辛丑牛年，“勇敢牛牛”不怕困难；即将到来的壬寅虎年，我们也要一往无前！@人民日报 联合@直播中国 用慢直播镜头，去看牛年最后一场日落↓↓一起说声：#再见牛年#，#除夕快乐#！http://t.cn/A6iIuprn ​​​,1092,120,134
